id,seed,final_train_perplexity,final_val_perplexity,model_path,msf_ppl,fro_norm,w_mean,w_std,w_sign_ratio,w_skew,w_kurt,in_sum_var,out_sum_var,in_sum_cv,out_sum_cv,in_sum_gini,out_sum_gini,mean_abs_in_var,mean_abs_out_var,mean_abs_in_cv,mean_abs_out_cv,k_in_var,k_out_var,k_in_cv,k_out_cv,sign_balance_var
20250720-010954,191593,7946.621339723659,13359.726829661871,checkpoint_65536/ESN_ml (49.97M N65536_batch_size64_seq_len256_sigma_in1.0_spectral_radius0.99_sparsity0.99951171875_dropout0.0_r_out512_{'20250720-010954'}/checkpoint_step6000_tokens98304000.pt,25996.16,265.392447834665,-6.000693088674423e-06,0.18328535526279663,0.49984475078805074,0.000940292504290731,0.00011711140557091326,1.077991624134104,1.0701414792595054,0.2219521912458071,0.22114256505509405,0.12498496779525725,0.12459544263417088,0.00039716425135036146,0.00039377478326619886,0.13630112225823915,0.13569593139179303,31.96250650449656,32.11356851621531,0.17671717356919492,0.17713428391243458,0.03235567135861893
20250721-171945,216569,111.52386943575443,148.4131591025766,checkpoint_65536/ESN_ml (49.97M N65536_batch_size64_seq_len256_sigma_in1.0_spectral_radius0.99_sparsity0.99951171875_dropout0.0_r_out512_{'20250721-171945'}/checkpoint_step6000_tokens98304000.pt,667.42,255.00199657015565,2.8073737944384693e-05,0.17610828083250582,0.500113990932236,-0.001882339501373125,-0.0006608395849005966,0.9871670870425032,0.9918743936693137,0.22100289713698457,0.22152919666745374,0.1244508616490887,0.12469735912334268,0.00036005717504372523,0.0003652019105606643,0.13501914362422582,0.1359822799758234,32.067814274691045,32.03769342508167,0.17700560340585664,0.17692245443181695,0.03225037975936306
20250722-114101,328634,340.00470815425825,304.5240299109616,checkpoint_65536/ESN_ml (49.97M N65536_batch_size64_seq_len256_sigma_in1.0_spectral_radius0.99_sparsity0.99951171875_dropout0.0_r_out512_{'20250722-114101'}/checkpoint_step6000_tokens98304000.pt,1454.8,275.0045989236905,-5.733202600824408e-05,0.1899236460345215,0.4999928456618478,0.00128503164210651,0.0029637344661890275,1.160546562932155,1.147289794252175,0.22222016074922946,0.22094731979980362,0.12515797037797016,0.12442088934274198,0.00042613072833035077,0.000422532297497843,0.1362157668511104,0.1356523420443491,32.37936160620302,31.67519900854677,0.1778657286685997,0.17592105101808733,0.03219061093595994
20250721-211152,336023,895.4941412241585,1062.893303177624,checkpoint_65536/ESN_ml (49.97M N65536_batch_size64_seq_len256_sigma_in1.0_spectral_radius0.99_sparsity0.99951171875_dropout0.0_r_out512_{'20250721-211152'}/checkpoint_step6000_tokens98304000.pt,17512.68,322.25843964968783,-0.00011345532790974012,0.22255584044577137,0.4999275041589719,-0.0014475997811703796,-0.000233613791300602,1.5774399489406743,1.585663724745914,0.22105908205543354,0.22163456421237548,0.12451334641447565,0.12474673544843362,0.0005796991704449532,0.0005797219118767921,0.13558315838082693,0.13557465230776186,31.726752996444702,32.05197882652283,0.17606062892023902,0.1769607127095205,0.03257079799949978
20250718-032115,435797,1794.826897467795,1698.498662260842,checkpoint_65536/ESN_ml (49.97M N65536_batch_size64_seq_len256_sigma_in1.0_spectral_radius0.99_sparsity0.99951171875_dropout0.0_r_out512_{'20250718-032115'}/checkpoint_step6000_tokens98304000.pt,6550.48,,,,,,,,,,,,,,,,,,,,,
20250724-161236,447122,130.5295547399764,162.99996726850102,checkpoint_65536/ESN_ml (49.97M N65536_batch_size64_seq_len256_sigma_in1.0_spectral_radius0.99_sparsity0.99951171875_dropout0.0_r_out512_{'20250724-161236'}/checkpoint_step6000_tokens98304000.pt,5784.8,260.9104351366275,0.0002827663907854878,0.18019032412510685,0.5004845904066362,-0.0007824397850724095,-0.000298069509578891,1.0390652554554263,1.043730103554575,0.22165976459163822,0.22215677437360276,0.12472481443797356,0.1250899151066177,0.00038137649535908416,0.0003804906577599817,0.13586395859369327,0.13572483271613703,31.888574466109276,31.83825097978115,0.17651376866227947,0.17637443512931977,0.03233122083288975
20250718-151303,469634,3363.765233559485,4914.768840299134,checkpoint_65536/ESN_ml (49.97M N65536_batch_size64_seq_len256_sigma_in1.0_spectral_radius0.99_sparsity0.99951171875_dropout0.0_r_out512_{'20250718-151303'}/checkpoint_step6000_tokens98304000.pt,30472.64,409.55414307707446,7.785151646566526e-06,0.28284442908121316,0.49961963258654135,0.002997285235411086,0.0026595920938299322,2.5698144866789354,2.5652155587347147,0.22209516967705895,0.2218963504490997,0.12512530425051205,0.12492149323996204,0.0009474213722166463,0.0009410123883168999,0.13644102331892563,0.1359508555294248,31.8581125063356,32.240650348132476,0.17642598995841505,0.17748205108715542,0.03243515185926062
20250721-030335,477887,1085.495528616351,1985.7461168433776,checkpoint_65536/ESN_ml (49.97M N65536_batch_size64_seq_len256_sigma_in1.0_spectral_radius0.99_sparsity0.99951171875_dropout0.0_r_out512_{'20250721-030335'}/checkpoint_step6000_tokens98304000.pt,7852.24,356.75238525442535,-0.00012683020698542823,0.2463775103731457,0.49976033504445366,0.00036256817033076394,-0.0002974427395412427,1.9423275532274604,1.9233868028831613,0.22157082925372254,0.22048785045975278,0.12483030556269803,0.12412716414279079,0.0007131292949668431,0.0007149829348686725,0.13583469302112136,0.13599343518038323,31.871361652156338,31.649742999812588,0.17646098888824419,0.17584640474478566,0.032329124058474566
20250720-030605,509971,106.46925057139634,143.8469662358426,checkpoint_65536/ESN_ml (49.97M N65536_batch_size64_seq_len256_sigma_in1.0_spectral_radius0.99_sparsity0.99951171875_dropout0.0_r_out512_{'20250720-030605'}/checkpoint_step6000_tokens98304000.pt,655.0,252.4477397426739,3.480947816409234e-05,0.1743462248609734,0.5000417340174215,-0.0001644344834170836,0.003029836277989695,0.9635125911540063,0.9729873721788713,0.22063388057485675,0.22171603750042718,0.12430739856942741,0.12482094689239265,0.0003591150857006323,0.00035649815065072314,0.1362415739612055,0.13578659692540895,31.921822113683447,31.783516449620947,0.17660618420244756,0.17622318366728598,0.03227189604361906
20250723-000809,509971,106.45894506571994,143.8469662358426,checkpoint_65536/ESN_ml (49.97M N65536_batch_size64_seq_len256_sigma_in1.0_spectral_radius0.99_sparsity0.99951171875_dropout0.0_r_out512_{'20250723-000809'}/checkpoint_step6000_tokens98304000.pt,653.42,252.44782943309949,3.481340091719469e-05,0.17434628680246678,0.5000417340174215,-0.00016437440629795907,0.0030307147894794717,0.9635129098101585,0.9729880843507935,0.22063384610511824,0.22171604734007883,0.12430738204086622,0.12482095232844692,0.0003591153378083216,0.0003564986670782589,0.1362415770994629,0.13578665102406937,31.921822113683447,31.783516449620947,0.17660618420244756,0.17622318366728598,0.03227189604361906
20250722-221144,509971,106.44625492691856,139.42126035437516,checkpoint_65536/ESN_ml (49.97M N65536_batch_size64_seq_len256_sigma_in1.0_spectral_radius0.99_sparsity0.99951171875_dropout0.0_r_out512_{'20250722-221144'}/checkpoint_step6000_tokens98304000.pt,653.28,252.4477397426739,3.480947816409234e-05,0.1743462248609734,0.5000417340174215,-0.0001644344834170836,0.003029836277989695,0.9635125911540063,0.9729873721788713,0.22063388057485675,0.22171603750042718,0.12430739856942741,0.12482094689239265,0.0003591150857006323,0.00035649815065072314,0.1362415739612055,0.13578659692540895,31.921822113683447,31.783516449620947,0.17660618420244756,0.17622318366728598,0.03227189604361906
20250719-191217,615727,1329.2731670184055,802.313957927379,checkpoint_65536/ESN_ml (49.97M N65536_batch_size64_seq_len256_sigma_in1.0_spectral_radius0.99_sparsity0.99951171875_dropout0.0_r_out512_{'20250719-191217'}/checkpoint_step6000_tokens98304000.pt,1581.88,264.8899578228332,-0.00022588137825490414,0.18293792445263807,0.49924235739649486,0.0026525217488837733,-0.0033415772061533566,1.0683125936038267,1.0676406785544974,0.22132843686885406,0.22125882367734945,0.12463716091133814,0.1247022095035002,0.00039474934771551796,0.0003930304263259932,0.13611054212656715,0.13580869929389985,31.75129579915665,32.0319964827504,0.17613182139596503,0.1769086642174174,0.032443415745389725
20250719-230452,826918,110.38947323198268,148.4131591025766,checkpoint_65536/ESN_ml (49.97M N65536_batch_size64_seq_len256_sigma_in1.0_spectral_radius0.99_sparsity0.99951171875_dropout0.0_r_out512_{'20250719-230452'}/checkpoint_step6000_tokens98304000.pt,548.22,253.02555788675357,-5.862384207555837e-05,0.17474414786459866,0.4998883927506799,0.0011234745042904871,0.003495638528523859,0.9770965795730867,0.9749535375520746,0.22164872010888023,0.22140551832622177,0.1248631242071736,0.12468500580544972,0.0003619551893995238,0.0003604343040085115,0.1364733825110522,0.1361976140239962,31.939177989028394,31.659514903090894,0.17665191310595005,0.1758768205243379,0.032531443852874764
20250719-210847,842469,8450.297286361585,9774.184947038397,checkpoint_65536/ESN_ml (49.97M N65536_batch_size64_seq_len256_sigma_in1.0_spectral_radius0.99_sparsity0.99951171875_dropout0.0_r_out512_{'20250719-210847'}/checkpoint_step6000_tokens98304000.pt,18693.76,312.37203833554327,-0.00017409703236420318,0.21572940794186812,0.4997145442222749,-0.0017581665631363499,-0.004239136190875126,1.4823937473519795,1.4764916887127777,0.2210691560589907,0.22062863058292834,0.12463739545349317,0.12416515098941505,0.0005462862022572937,0.0005416327147009739,0.1357588494452583,0.13518125806834125,32.048906076466665,31.816179025685415,0.1769543400394366,0.17631068161921395,0.03226528276683363
20250719-112449,868671,2113.199972964094,3595.7216962228085,checkpoint_65536/ESN_ml (49.97M N65536_batch_size64_seq_len256_sigma_in1.0_spectral_radius0.99_sparsity0.99951171875_dropout0.0_r_out512_{'20250719-112449'}/checkpoint_step6000_tokens98304000.pt,20416.8,322.70289331224166,-8.821297775931938e-05,0.22286497643685754,0.4998161335971852,-0.0006765248011482322,-0.003442005230882117,1.5991385397719804,1.5896228367218104,0.2222701322995811,0.22160783433718917,0.12525801168638995,0.12475927483999882,0.0005833303597153065,0.000576160098115013,0.13583797174685266,0.13497478855303813,31.94965909025632,32.06870816252194,0.17668148549267015,0.17701034987236186,0.03235108441381526
20250721-191550,904477,3029.7325567736007,4337.268278483271,checkpoint_65536/ESN_ml (49.97M N65536_batch_size64_seq_len256_sigma_in1.0_spectral_radius0.99_sparsity0.99951171875_dropout0.0_r_out512_{'20250721-191550'}/checkpoint_step6000_tokens98304000.pt,12875.04,559.2967687247477,0.0003508313738843142,0.3862616078710434,0.5002115302340379,0.00366061844877284,0.0032455148541892243,4.709473970542968,4.803697888021087,0.22012215701555615,0.22231327807378898,0.12399788501576203,0.12506386072739906,0.0017388573385709036,0.0017443855401887683,0.13530848701799306,0.13555121389794694,31.62809439538978,31.94474478601478,0.17579044660655166,0.1766682339804857,0.032367803939995436
20250718-172641,935598,9285.572377750374,8625.687941050362,checkpoint_65536/ESN_ml (49.97M N65536_batch_size64_seq_len256_sigma_in1.0_spectral_radius0.99_sparsity0.99951171875_dropout0.0_r_out512_{'20250718-172641'}/checkpoint_step6000_tokens98304000.pt,14263.04,269.8013728881981,-5.801120910077503e-07,0.18632998094983774,0.4999401421802078,-0.0016574821259653563,-0.00427196597539492,1.1006355306623838,1.1028074537366594,0.22053643028354605,0.2207539192161224,0.12421187073363515,0.12436436643189663,0.0004083066878272975,0.00040707556356466674,0.13587863304603381,0.13566445260931315,31.7895648421254,31.94660829915665,0.17623793307246266,0.17667271279987887,0.032683541402983386
20250721-152314,986512,513.9693627541903,429.4477152409339,checkpoint_65536/ESN_ml (49.97M N65536_batch_size64_seq_len256_sigma_in1.0_spectral_radius0.99_sparsity0.99951171875_dropout0.0_r_out512_{'20250721-152314'}/checkpoint_step6000_tokens98304000.pt,998.18,281.657619356205,0.0001351585626524691,0.19451729564853076,0.500197457661071,0.0005485558200592867,-0.0003295250263897209,1.1957649167873856,1.2160818519334202,0.22028699452524692,0.22215053206873034,0.124180449362294,0.12514776993742704,0.00044389366116310744,0.00044520164575767395,0.1357558056499235,0.1359970336164172,31.937563862651587,32.01544472202659,0.17664626974588457,0.1768615176372169,0.032184084966182455
20250814-185408,1009161,1033.5949866335025,1322.7920882144774,checkpoint_65536/ESN_ml (49.97M N65536_batch_size64_seq_len256_sigma_in1.0_spectral_radius0.99_sparsity0.99951171875_dropout0.0_r_out512_{'20250814-185408'}/checkpoint_step6000_tokens98304000.pt,3371.4,337.95596915358465,0.00017222723791560294,0.23339789268571162,0.5002606537759503,8.000202064247647e-05,-0.001271878476120314,1.7553112923045413,1.7290618166250864,0.22239092034398839,0.22072180492812601,0.125189185270569,0.124289686587434,0.0006407482618901086,0.0006343639153475476,0.1359354059585999,0.13524602751985124,32.3340937809553,31.818438263377175,0.17773957272702637,0.1763166049597529,0.032464587608571266
20250813-020341,1288886,1042.620416596202,1167.3599206126853,checkpoint_65536/ESN_ml (49.97M N65536_batch_size64_seq_len256_sigma_in1.0_spectral_radius0.99_sparsity0.99951171875_dropout0.0_r_out512_{'20250813-020341'}/checkpoint_step6000_tokens98304000.pt,5548.72,348.00054789449064,0.000453438846464289,0.2403330470865832,0.5008108072014942,-0.0010350571331538682,0.0022423609550141776,1.8402583419826313,1.8351647995157492,0.22113481814578917,0.2208285730828087,0.12446915715196316,0.12436034196311363,0.0006751894645471348,0.0006736937137452995,0.135504856123468,0.13535427612669562,31.91117161139846,31.99295872077346,0.17657124587429376,0.17679737374448884,0.03224401713035299
20250727-030225,1360681,115.98284444400568,148.4131591025766,checkpoint_65536/ESN_ml (49.97M N65536_batch_size64_seq_len256_sigma_in1.0_spectral_radius0.99_sparsity0.99951171875_dropout0.0_r_out512_{'20250727-030225'}/checkpoint_step6000_tokens98304000.pt,791.94,253.56158094695613,0.00011052460205578503,0.175113558628144,0.5003057249257866,0.0014092700915277333,0.002837275733146072,0.9822193134878836,0.9833178527812518,0.2217853387633991,0.2219093293125394,0.12490534671605502,0.12499654525335724,0.0003632409477951463,0.0003596687459488522,0.13644194729097694,0.13576652345041973,32.099155366420746,32.32263559103012,0.1770922483564777,0.17770765347890782,0.03208991785177637
20250814-165733,1466829,156.018328050871,179.02044192165667,checkpoint_65536/ESN_ml (49.97M N65536_batch_size64_seq_len256_sigma_in1.0_spectral_radius0.99_sparsity0.99951171875_dropout0.0_r_out512_{'20250814-165733'}/checkpoint_step6000_tokens98304000.pt,3543.72,264.97672096233777,0.00022702655466965503,0.1829969705503933,0.5004891124195444,0.0002197205655459046,-0.0023400195439693405,1.0791200521250732,1.0700013988066033,0.22236050163721308,0.22141902625527804,0.1252281569507998,0.12465586420990293,0.00039187807815391787,0.0003912461271789783,0.13559240846411627,0.1354581469396303,32.006610579555854,31.95671433932148,0.1768368618932612,0.17669896950351455,0.032293270104956445
20250814-085200,1487329,121.70429089650712,168.17414165184545,checkpoint_65536/ESN_ml (49.97M N65536_batch_size64_seq_len256_sigma_in1.0_spectral_radius0.99_sparsity0.99951171875_dropout0.0_r_out512_{'20250814-085200'}/checkpoint_step6000_tokens98304000.pt,2496.28,260.2145254978912,0.00017686372090533776,0.1797096768678611,0.5003963522240559,0.0003881633830124341,0.00788399813986107,1.0264042967837814,1.0343109370787293,0.22093166881765097,0.22178098135342822,0.12444991714347353,0.12486419365409507,0.00038277212307591066,0.00038176841315354533,0.13646994854832686,0.13630256251483414,31.797266867011786,32.057276632636786,0.17626054240334227,0.1769797261537644,0.032321336455192626
20250730-010810,1665574,770.4766680345258,686.2554949467076,checkpoint_65536/ESN_ml (49.97M N65536_batch_size64_seq_len256_sigma_in1.0_spectral_radius0.99_sparsity0.99951171875_dropout0.0_r_out512_{'20250730-010810'}/checkpoint_step6000_tokens98304000.pt,1862.04,303.73085608717076,0.00022957872259832534,0.20976150409378605,0.5003288580968965,0.0016400637648968102,0.0010239906850539882,1.40476875796495,1.4082729783502115,0.22136575669123223,0.22164168510896295,0.12457159112537264,0.12474961826943143,0.0005141053084982655,0.0005139535104430316,0.13547343248794821,0.13544989616647465,32.11027739546262,32.22090361616574,0.17712351737914406,0.17742836771354714,0.03239456854475445
20250728-101625,1802095,117.23848858788008,153.12429849019884,checkpoint_65536/ESN_ml (49.97M N65536_batch_size64_seq_len256_sigma_in1.0_spectral_radius0.99_sparsity0.99951171875_dropout0.0_r_out512_{'20250728-101625'}/checkpoint_step6000_tokens98304000.pt,1138.84,257.15161222396324,-0.00010674668218807217,0.17759306258025848,0.49980158843718464,0.0010595988870762507,-0.0014719753845064965,1.015094106573034,1.0119517671965923,0.22217515709093383,0.22183100629817631,0.12515911277132907,0.12484541484746703,0.0003702896630107561,0.0003707637584971376,0.13576984300285136,0.13584691686391012,32.09442421421409,31.99087807163596,0.1770795347354488,0.17679364838021888,0.03252409725063288
20250813-000704,2003755,1196.8365575830824,1131.4440316534813,checkpoint_65536/ESN_ml (49.97M N65536_batch_size64_seq_len256_sigma_in1.0_spectral_radius0.99_sparsity0.99951171875_dropout0.0_r_out512_{'20250813-000704'}/checkpoint_step6000_tokens98304000.pt,5336.52,347.97927977207814,2.5076626084858265e-05,0.2403212498490191,0.5001805275410622,0.0007931251858280191,0.002406816794065847,1.878052688116441,1.8545893081770912,0.22342665865575184,0.22202658573439363,0.12581221735710657,0.12487691795354405,0.0006805351814962481,0.0006781771907356,0.13607690080309168,0.13582520765385211,32.56022476009093,32.23490737727843,0.17836153881390426,0.1774682745416642,0.0324468820800474
20250814-230836,2022206,1041.0505735226018,1131.4440316534813,checkpoint_65536/ESN_ml (49.97M N65536_batch_size64_seq_len256_sigma_in1.0_spectral_radius0.99_sparsity0.99951171875_dropout0.0_r_out512_{'20250814-230836'}/checkpoint_step6000_tokens98304000.pt,9348.64,344.4938884973819,-0.00016239611339052395,0.23791366290799704,0.49970071175752073,-0.0002984605323071743,0.00129534423132327,1.810055271336319,1.8307071488988522,0.2215455398137094,0.22280582030493173,0.12469744098324442,0.1254029815499511,0.0006642492310842154,0.0006618271935680097,0.13576886251818468,0.1355405297510252,32.07319664931856,32.355636834865436,0.1770218927223909,0.17779962165532046,0.03231290942884043
20250727-010603,2025974,122.18505588333213,179.02044192165667,checkpoint_65536/ESN_ml (49.97M N65536_batch_size64_seq_len256_sigma_in1.0_spectral_radius0.99_sparsity0.99951171875_dropout0.0_r_out512_{'20250727-010603'}/checkpoint_step6000_tokens98304000.pt,3253.76,260.0906848178756,0.00018486929323109362,0.1796236276831999,0.5007073248905864,-0.0006807944166617887,-0.0004683329079973042,1.0274094029917769,1.025811678666713,0.2210582454627843,0.2208862947519161,0.1245246497882817,0.12437197962490065,0.00037744068306048273,0.00038276662662406957,0.13554992007005479,0.1364925692087291,31.884397491812706,31.716855987906456,0.17650086088009453,0.1760365245425852,0.03225376540251534
20250814-205036,2382675,2185.239650887184,1322.7920882144774,checkpoint_65536/ESN_ml (49.97M N65536_batch_size64_seq_len256_sigma_in1.0_spectral_radius0.99_sparsity0.99951171875_dropout0.0_r_out512_{'20250814-205036'}/checkpoint_step6000_tokens98304000.pt,14374.4,494.43554994684206,-4.506397325542497e-05,0.3414647579347576,0.49966995094097366,0.00033895654187476035,-0.0013006786616998056,3.7536760291125306,3.7324323705131572,0.22226470957291414,0.22163487163597542,0.12521617083150893,0.12478065348853451,0.0013686286717598589,0.0013704928074839023,0.13579242645126063,0.1358630534900862,32.084354802034795,32.11111871805042,0.17705124712452625,0.1771250774531916,0.032019762024042234
20250814-041712,2382711,880.0290429485867,1167.3599206126853,checkpoint_65536/ESN_ml (49.97M N65536_batch_size64_seq_len256_sigma_in1.0_spectral_radius0.99_sparsity0.99951171875_dropout0.0_r_out512_{'20250814-041712'}/checkpoint_step6000_tokens98304000.pt,4624.8,317.03363978672826,-0.0002839642480366351,0.21895019005232294,0.4996718524786108,-0.004135236441224601,0.0038627279990612884,1.520521485666379,1.5207471162971118,0.22068401873044494,0.22070039180630838,0.12432337746759425,0.12428360143510275,0.0005604461287481475,0.0005595590945966498,0.13553329149272236,0.1354303633383932,31.75792921241373,31.89348829444498,0.1761516472562417,0.1765271995755167,0.03239088355427394
20250726-230941,2423809,637.6946196346523,534.4563168515505,checkpoint_65536/ESN_ml (49.97M N65536_batch_size64_seq_len256_sigma_in1.0_spectral_radius0.99_sparsity0.99951171875_dropout0.0_r_out512_{'20250726-230941'}/checkpoint_step6000_tokens98304000.pt,1928.4,293.71796711525,-0.00014675731617420088,0.2028473781076369,0.5001042148093775,-0.003144753932750988,0.001200176192738489,1.3209734282427006,1.3188557083929142,0.22202040144718127,0.22184236395091847,0.12495476609681022,0.12492618660036969,0.0004815172525805399,0.0004774384449175122,0.135627223033873,0.13504849255606874,31.988507967209443,32.10322354338132,0.1767888699255024,0.17710558190615575,0.0322796319573434
20250812-181700,2504390,109.8231794116884,143.8469662358426,checkpoint_65536/ESN_ml (49.97M N65536_batch_size64_seq_len256_sigma_in1.0_spectral_radius0.99_sparsity0.99951171875_dropout0.0_r_out512_{'20250812-181700'}/checkpoint_step6000_tokens98304000.pt,601.12,253.88782820041757,-3.93819492441127e-06,0.17533857040841636,0.5004096984543065,0.00037919437516399006,-0.0046833857899888365,0.982110771035854,0.9802757724246258,0.22136898621117113,0.2211620840390302,0.1246804379983022,0.12455948238037051,0.00036311427638163025,0.00036122139348572307,0.13617896792557188,0.13580701925919844,31.801793918013573,32.03418527543545,0.17626939005152606,0.17691226133161322,0.032148325584084585
20250728-121302,2547316,142.31292304927527,190.56626845863,checkpoint_65536/ESN_ml (49.97M N65536_batch_size64_seq_len256_sigma_in1.0_spectral_radius0.99_sparsity0.99951171875_dropout0.0_r_out512_{'20250728-121302'}/checkpoint_step6000_tokens98304000.pt,5948.0,263.99584829275517,2.2999712563680317e-05,0.18232048637830853,0.5000465030427299,0.0015724338178828077,0.00412801840336563,1.0705002967974422,1.0701400068937772,0.2223673454622264,0.22232992209489405,0.12515447146407355,0.12530272591651404,0.0003884038528321433,0.00039069103447635556,0.13552477596443727,0.13592430567702288,32.0918724515941,32.11512684612535,0.1770737618103436,0.17713790573721241,0.03255083565788966
20250727-165722,2865305,113.32652422449956,143.8469662358426,checkpoint_65536/ESN_ml (49.97M N65536_batch_size64_seq_len256_sigma_in1.0_spectral_radius0.99_sparsity0.99951171875_dropout0.0_r_out512_{'20250727-165722'}/checkpoint_step6000_tokens98304000.pt,801.98,256.9972033363152,4.9688691977142534e-05,0.17748742392149866,0.49994252678943196,-5.873770826740136e-05,0.002855090773998814,1.0115012264903105,1.0108546401459233,0.2220389461761079,0.22196796736887014,0.1250385371401287,0.12493264310189978,0.0003729219195729678,0.0003698919598662134,0.13639711286366824,0.13583734458839933,31.98167154355906,32.047436924418435,0.17677014632334373,0.17695180327145202,0.03227307153880001
20250814-125920,3016544,907.7247731024156,1030.191514142094,checkpoint_65536/ESN_ml (49.97M N65536_batch_size64_seq_len256_sigma_in1.0_spectral_radius0.99_sparsity0.99951171875_dropout0.0_r_out512_{'20250814-125920'}/checkpoint_step6000_tokens98304000.pt,3049.56,319.76940155304095,-9.143183873536507e-05,0.22084115423951492,0.500063674793987,-0.002506945020960041,-0.0013363781555604248,1.5471143008762511,1.5504791082695801,0.22062234763206343,0.22086213227840723,0.12420563869243906,0.12433922945623932,0.0005680113598089305,0.0005710857933004207,0.13522410501196105,0.13559389298830257,31.868197597330436,31.852328456705436,0.1764594674066232,0.1764155269109817,0.0320954772277556
20250727-185359,3221079,727.5047950878405,624.8427387029609,checkpoint_65536/ESN_ml (49.97M N65536_batch_size64_seq_len256_sigma_in1.0_spectral_radius0.99_sparsity0.99951171875_dropout0.0_r_out512_{'20250727-185359'}/checkpoint_step6000_tokens98304000.pt,1861.48,300.7200511868159,0.00014005007998879132,0.2076831615779363,0.5004681319698125,-0.00036831871271839924,0.0018201674668949508,1.3744529703993829,1.3772200856344394,0.22119243767028912,0.22141498337659585,0.12449023719782604,0.12472099501947165,0.0005047166104954896,0.0005074222328760803,0.13559125354069435,0.13597710833231338,32.05805752775632,31.74567959806882,0.17698095316051907,0.1761165795188999,0.032517815351737464
20250814-105348,3264394,408.1714385806307,378.98627852215554,checkpoint_65536/ESN_ml (49.97M N65536_batch_size64_seq_len256_sigma_in1.0_spectral_radius0.99_sparsity0.99951171875_dropout0.0_r_out512_{'20250814-105348'}/checkpoint_step6000_tokens98304000.pt,1771.76,276.1218888441269,8.013489775098232e-06,0.1906960503045311,0.49979896146785313,-0.0005666815196139059,-0.0015739278632009857,1.1610088979111404,1.181641713810158,0.22129047907336058,0.22324814648117927,0.12463752335060252,0.12565102175780496,0.000430748690886874,0.00042759719014487006,0.13634443547665837,0.1358890377931962,31.937783309957013,32.28931529237889,0.17665016250951865,0.17761967626726555,0.03230716913085538
20250812-161417,3419954,104.69411815648743,143.8469662358426,checkpoint_65536/ESN_ml (49.97M N65536_batch_size64_seq_len256_sigma_in1.0_spectral_radius0.99_sparsity0.99951171875_dropout0.0_r_out512_{'20250812-161417'}/checkpoint_step6000_tokens98304000.pt,725.68,252.57277342799384,5.6225637323937106e-05,0.17443219603240034,0.5003319628735775,-0.002073435562312941,0.0006049280362758758,0.9712762902579147,0.9799844947247907,0.22133176736964144,0.22232175416304242,0.12459709504378913,0.1252375378467927,0.0003551467459721124,0.00035671286420761305,0.13539243512593419,0.1357149475350867,31.979700949043036,32.104212667793036,0.17676545905633825,0.17710923946886614,0.03249140392303136
20250812-221028,3536541,109.4610784791558,168.17414165184545,checkpoint_65536/ESN_ml (49.97M N65536_batch_size64_seq_len256_sigma_in1.0_spectral_radius0.99_sparsity0.99951171875_dropout0.0_r_out512_{'20250812-221028'}/checkpoint_step6000_tokens98304000.pt,695.16,253.88401495869076,5.689749798803227e-05,0.17533588592845048,0.4998800475994019,0.0022581408197659665,-0.0007659838374984851,0.9899058048421839,0.9872429341066744,0.22229512409506894,0.22199593310162885,0.1250859867943781,0.1250764382113736,0.00036148324566769285,0.00036142221475381225,0.13591029115781356,0.13591114549586866,32.14320955029689,31.754354569828138,0.17721297028868524,0.17613778475522252,0.03243942128342058
20250727-130235,3552516,4154.289865786993,13359.726829661871,checkpoint_65536/ESN_ml (49.97M N65536_batch_size64_seq_len256_sigma_in1.0_spectral_radius0.99_sparsity0.99951171875_dropout0.0_r_out512_{'20250727-130235'}/checkpoint_step6000_tokens98304000.pt,12680.4,624.6211900192766,0.0003385311212514427,0.4313771450015051,0.5005919061955074,-0.0023626494192364356,0.0035485403112374136,5.924238366869638,6.01837070180575,0.2211028128417836,0.22285248065904834,0.12452903017526151,0.12551281469346054,0.002208338118291098,0.002179394275978701,0.1365561027594147,0.13568457787208277,31.809778079390526,32.412378177046776,0.1762955517918529,0.17795757687175856,0.03231934232341823
20250814-065005,3594819,8315.940141737792,5231.744197360583,checkpoint_65536/ESN_ml (49.97M N65536_batch_size64_seq_len256_sigma_in1.0_spectral_radius0.99_sparsity0.99951171875_dropout0.0_r_out512_{'20250814-065005'}/checkpoint_step6000_tokens98304000.pt,21381.44,1165.951212253755,0.00015863789130813463,0.8052258552815519,0.5000221782684449,0.001218262300028749,0.0024450542281866383,20.629039857523892,20.65328723948809,0.22096389429145183,0.22109371668061473,0.1243822682836424,0.12449726093841718,0.007637469663977937,0.007617353272298316,0.13600710801600824,0.1358357228322112,31.81761335185729,31.839616525685415,0.17631465576354385,0.1763756096054179,0.032070610412153436
20250729-191841,3620679,118.27818394147636,162.99996726850102,checkpoint_65536/ESN_ml (49.97M N65536_batch_size64_seq_len256_sigma_in1.0_spectral_radius0.99_sparsity0.99951171875_dropout0.0_r_out512_{'20250729-191841'}/checkpoint_step6000_tokens98304000.pt,2668.8,257.5205040265607,1.0624564725201093e-05,0.17784819633535998,0.49992321061658535,0.0018021994865611644,0.0041190082187192445,1.0104842091572346,1.0076729102492425,0.22150039119193995,0.2211920550910018,0.1247570277174419,0.12445980108961507,0.00037101463843964655,0.00037123139318759346,0.13579115086195467,0.13583399353263498,31.901856418699026,31.646607395261526,0.17654816705274087,0.1758404613847801,0.032337900004359536
20250814-022010,3747174,2220.790253347163,2800.3508727251638,checkpoint_65536/ESN_ml (49.97M N65536_batch_size64_seq_len256_sigma_in1.0_spectral_radius0.99_sparsity0.99951171875_dropout0.0_r_out512_{'20250814-022010'}/checkpoint_step6000_tokens98304000.pt,17702.4,479.16562799417017,-0.0005147241043472916,0.33091871870496103,0.4993289320432803,0.0010114953054675864,-0.0006946348340211017,3.533471761404582,3.473401074997312,0.2225162372917696,0.22061668889103356,0.12515396977670568,0.12419063562926969,0.0012762366697916193,0.001291885551709154,0.13531561407792805,0.13609662609769238,32.16049615945667,31.81906549539417,0.17726120823714847,0.17631775413772252,0.03221284633866128
20250729-211525,3882035,115.68540943174604,168.17414165184545,checkpoint_65536/ESN_ml (49.97M N65536_batch_size64_seq_len256_sigma_in1.0_spectral_radius0.99_sparsity0.99951171875_dropout0.0_r_out512_{'20250729-211525'}/checkpoint_step6000_tokens98304000.pt,801.3,257.8218938133679,4.821886983796888e-05,0.1780566749186623,0.500437844241919,-0.00015433173220412698,9.92462366968816e-05,1.014809243085443,1.0168905834893973,0.22161934711246498,0.22184649770102036,0.12477641121704541,0.1249335867680974,0.00037189421704764277,0.00037366855093899447,0.135747367473259,0.13604761462164058,31.71700954064727,32.16412257775664,0.17603661482375574,0.17727306205102047,0.032539638724589384
20250812-201349,4101502,109.85502363340332,153.12429849019884,checkpoint_65536/ESN_ml (49.97M N65536_batch_size64_seq_len256_sigma_in1.0_spectral_radius0.99_sparsity0.99951171875_dropout0.0_r_out512_{'20250812-201349'}/checkpoint_step6000_tokens98304000.pt,596.42,251.84726068633154,3.2537774846131e-05,0.17393064955749268,0.49978298528306353,-9.440469449038192e-05,0.00204521838711047,0.9652837016800444,0.9679995746521258,0.22132869782400424,0.22163983869096163,0.12467730512243613,0.12481757798929038,0.0003547624347987996,0.00035359898696482676,0.13575413192524202,0.13553839478642998,31.77828787267208,31.915220245718956,0.17620692327423565,0.17658615225905933,0.03211922661129535
20250814-145554,4127349,1492.920876023486,1096.6331584284585,checkpoint_65536/ESN_ml (49.97M N65536_batch_size64_seq_len256_sigma_in1.0_spectral_radius0.99_sparsity0.99951171875_dropout0.0_r_out512_{'20250814-145554'}/checkpoint_step6000_tokens98304000.pt,20873.76,398.4530955556368,-4.0441914057833914e-05,0.2751786584855142,0.5003145501503593,-0.0011777375580678594,-0.0019869453873377907,2.4244180769080517,2.4070558486797826,0.22163251585407703,0.22083749034509734,0.12480235201256462,0.12434783940430028,0.0008927169899705459,0.0008799222295743094,0.13605103842721114,0.13505358119011426,32.08143734349869,32.23204159154557,0.17704429496435467,0.17745936993743558,0.03232050394297968
20250727-150021,4159348,124.1927806559348,157.98498549518746,checkpoint_65536/ESN_ml (49.97M N65536_batch_size64_seq_len256_sigma_in1.0_spectral_radius0.99_sparsity0.99951171875_dropout0.0_r_out512_{'20250727-150021'}/checkpoint_step6000_tokens98304000.pt,2192.8,259.64927705023234,-0.0001574002362557971,0.1793167562679292,0.499516378274224,-0.0003806136676637672,0.001628004615355394,1.0325694674688124,1.0146486236322416,0.22203001958159266,0.2200948562780499,0.12507205981680092,0.12388686490996914,0.0003782804073480771,0.00037400703698888313,0.13597479049476796,0.13517933901218182,31.934823617339134,31.572152718901634,0.17663633254002248,0.1756304748490462,0.03256414541310702
20250724-180859,4186150,251.07030363588035,286.07385163895896,checkpoint_65536/ESN_ml (49.97M N65536_batch_size64_seq_len256_sigma_in1.0_spectral_radius0.99_sparsity0.99951171875_dropout0.0_r_out512_{'20250724-180859'}/checkpoint_step6000_tokens98304000.pt,5489.84,270.913317892352,1.9385852291084328e-05,0.1870964826234753,0.5004643083522562,-0.0005360316828778287,-0.0014396601611017523,1.1169362105135194,1.1239499236114292,0.22126436423244503,0.2219579831426048,0.12458121545773915,0.12500979191632344,0.0004062987071588754,0.0004054780205293173,0.13502594779176214,0.13490011572300223,31.815298625966534,32.001577922841534,0.17630656042111156,0.17682194658279551,0.03258294175314712
20250726-211249,4632219,107.0172805739331,143.8469662358426,checkpoint_65536/ESN_ml (49.97M N65536_batch_size64_seq_len256_sigma_in1.0_spectral_radius0.99_sparsity0.99951171875_dropout0.0_r_out512_{'20250726-211249'}/checkpoint_step6000_tokens98304000.pt,672.68,251.96472144445394,-0.00025078364710514836,0.1740110116199339,0.4991648566329271,0.0016133076417999134,0.0019136227590026422,0.9608322717671105,0.97303901826194,0.22073693879238693,0.22213467280099056,0.12420603717612455,0.12508157811978282,0.0003548278214255096,0.00035789981375615064,0.13570603034385045,0.13628772304407455,31.547151080332696,32.19006489869207,0.17556376812320654,0.17734369254542295,0.032143043126560605
20250729-231148,4693068,683.6299114655816,551.4217815078388,checkpoint_65536/ESN_ml (49.97M N65536_batch_size64_seq_len256_sigma_in1.0_spectral_radius0.99_sparsity0.99951171875_dropout0.0_r_out512_{'20250729-231148'}/checkpoint_step6000_tokens98304000.pt,1306.64,293.0129783913788,4.329489515266344e-05,0.20235885839663656,0.500341017596508,-0.0032372346989665143,-0.00084404770838864,1.3078283960981185,1.3081699639342337,0.22144593521181655,0.2214748510355963,0.12485138727682932,0.12469784820022634,0.00048043663297077274,0.0004817694315865266,0.13578558810233274,0.13597121714086316,31.968786559067667,31.988134703598917,0.1767314147353757,0.17678488732698822,0.03256253955994766
20250725-175804,6376404,2433.772541666509,3827.6258214399054,checkpoint_65536/ESN_ml (49.97M N65536_batch_size64_seq_len256_sigma_in1.0_spectral_radius0.99_sparsity0.99951171875_dropout0.0_r_out512_{'20250725-175804'}/checkpoint_step6000_tokens98304000.pt,22256.96,486.5957416167674,-0.0003529506794802397,0.3360520469778341,0.49946056444704756,0.00010611938632561449,0.006930904969395968,3.629163191933838,3.5984513520452364,0.22216567602993484,0.22122363885892907,0.1250736292934096,0.12468494365955518,0.001329538717029505,0.0013281271029014893,0.13605123166539335,0.13595928843000035,32.09490871056914,31.95614528283477,0.17708222267610169,0.17669899750397014,0.032426273425842714
20250725-202600,7654433,840.1036492454629,827.7821368360857,checkpoint_65536/ESN_ml (49.97M N65536_batch_size64_seq_len256_sigma_in1.0_spectral_radius0.99_sparsity0.99951171875_dropout0.0_r_out512_{'20250725-202600'}/checkpoint_step6000_tokens98304000.pt,3059.08,311.10992573142073,-5.234531747664572e-05,0.21485583696903462,0.49986979452335734,-0.0003247582239160739,-0.0019138804309846158,1.486907644457209,1.4731285493473867,0.22232157607208988,0.2212890572408716,0.12523732541418942,0.12460164647216865,0.0005485993266453309,0.0005395632395892903,0.13662418935012804,0.1354969686309947,32.0809430917725,31.84867380466312,0.17703946915696223,0.17639741303680095,0.03205501149311155
